<?xml version="1.0"?>
<Location>
    <Id>4</Id>
    <Name>Broekhovenseweg</Name>
    <Latitude>51.5462213</Latitude>
    <Longitude>5.0959823</Longitude>
    <Distances>
        <Distance>
            <Id>1</Id>
            <Km>3.654</Km>
            <Seconds>450</Seconds>
        </Distance>
        <Distance>
            <Id>2</Id>
            <Km>3.599</Km>
            <Seconds>370</Seconds>
        </Distance>
        <Distance>
            <Id>3</Id>
            <Km>2.442</Km>
            <Seconds>280</Seconds>
        </Distance>
        <Distance>
            <Id>4</Id>
            <Km>0</Km>
            <Seconds>0</Seconds>
        </Distance>
        <Distance>
            <Id>5</Id>
            <Km>4.684</Km>
            <Seconds>490</Seconds>
        </Distance>
        <Distance>
            <Id>6</Id>
            <Km>4.482</Km>
            <Seconds>410</Seconds>
        </Distance>
        <Distance>
            <Id>7</Id>
            <Km>4.761</Km>
            <Seconds>530</Seconds>
        </Distance>
        <Distance>
            <Id>8</Id>
            <Km>3.579</Km>
            <Seconds>420</Seconds>
        </Distance>
        <Distance>
            <Id>9</Id>
            <Km>1.539</Km>
            <Seconds>170</Seconds>
        </Distance>
        <Distance>
            <Id>10</Id>
            <Km>7.681</Km>
            <Seconds>840</Seconds>
        </Distance>
    </Distances>
</Location>