<?xml version="1.0"?>
<Location>
    <Id>7</Id>
    <Name>De Zeven Zonden</Name>
    <Latitude>51.5217749</Latitude>
    <Longitude>5.0637207</Longitude>
    <Distances>
        <Distance>
            <Id>1</Id>
            <Km>7.526</Km>
            <Seconds>810</Seconds>
        </Distance>
        <Distance>
            <Id>2</Id>
            <Km>6.269</Km>
            <Seconds>810</Seconds>
        </Distance>
        <Distance>
            <Id>3</Id>
            <Km>4.328</Km>
            <Seconds>580</Seconds>
        </Distance>
        <Distance>
            <Id>4</Id>
            <Km>5.734</Km>
            <Seconds>620</Seconds>
        </Distance>
        <Distance>
            <Id>5</Id>
            <Km>5.978</Km>
            <Seconds>670</Seconds>
        </Distance>
        <Distance>
            <Id>6</Id>
            <Km>3.628</Km>
            <Seconds>440</Seconds>
        </Distance>
        <Distance>
            <Id>7</Id>
            <Km>0</Km>
            <Seconds>0</Seconds>
        </Distance>
        <Distance>
            <Id>8</Id>
            <Km>2.404</Km>
            <Seconds>390</Seconds>
        </Distance>
        <Distance>
            <Id>9</Id>
            <Km>5.544</Km>
            <Seconds>650</Seconds>
        </Distance>
        <Distance>
            <Id>10</Id>
            <Km>10.466</Km>
            <Seconds>1060</Seconds>
        </Distance>
    </Distances>
</Location>