<?xml version="1.0"?>
<Location>
    <Id>8</Id>
    <Name>Hoge Wal</Name>
    <Latitude>51.5309831</Latitude>
    <Longitude>5.0851998</Longitude>
    <Distances>
        <Distance>
            <Id>1</Id>
            <Km>6.382</Km>
            <Seconds>810</Seconds>
        </Distance>
        <Distance>
            <Id>2</Id>
            <Km>7.049</Km>
            <Seconds>780</Seconds>
        </Distance>
        <Distance>
            <Id>3</Id>
            <Km>4.78</Km>
            <Seconds>600</Seconds>
        </Distance>
        <Distance>
            <Id>4</Id>
            <Km>4.457</Km>
            <Seconds>490</Seconds>
        </Distance>
        <Distance>
            <Id>5</Id>
            <Km>5.798</Km>
            <Seconds>700</Seconds>
        </Distance>
        <Distance>
            <Id>6</Id>
            <Km>4.57</Km>
            <Seconds>570</Seconds>
        </Distance>
        <Distance>
            <Id>7</Id>
            <Km>2.433</Km>
            <Seconds>390</Seconds>
        </Distance>
        <Distance>
            <Id>8</Id>
            <Km>0</Km>
            <Seconds>0</Seconds>
        </Distance>
        <Distance>
            <Id>9</Id>
            <Km>4.267</Km>
            <Seconds>530</Seconds>
        </Distance>
        <Distance>
            <Id>10</Id>
            <Km>10.286</Km>
            <Seconds>1090</Seconds>
        </Distance>
    </Distances>
</Location>