<?xml version="1.0"?>
<Location>
    <Id>3</Id>
    <Name>Lieve Vrouweplein</Name>
    <Latitude>51.5546007</Latitude>
    <Longitude>5.0830219</Longitude>
    <Distances>
        <Distance>
            <Id>1</Id>
            <Km>1.666</Km>
            <Seconds>230</Seconds>
        </Distance>
        <Distance>
            <Id>2</Id>
            <Km>1.945</Km>
            <Seconds>230</Seconds>
        </Distance>
        <Distance>
            <Id>3</Id>
            <Km>0</Km>
            <Seconds>0</Seconds>
        </Distance>
        <Distance>
            <Id>4</Id>
            <Km>2.839</Km>
            <Seconds>360</Seconds>
        </Distance>
        <Distance>
            <Id>5</Id>
            <Km>3.907</Km>
            <Seconds>480</Seconds>
        </Distance>
        <Distance>
            <Id>6</Id>
            <Km>4.107</Km>
            <Seconds>420</Seconds>
        </Distance>
        <Distance>
            <Id>7</Id>
            <Km>4.745</Km>
            <Seconds>640</Seconds>
        </Distance>
        <Distance>
            <Id>8</Id>
            <Km>3.957</Km>
            <Seconds>600</Seconds>
        </Distance>
        <Distance>
            <Id>9</Id>
            <Km>1.544</Km>
            <Seconds>240</Seconds>
        </Distance>
        <Distance>
            <Id>10</Id>
            <Km>6.154</Km>
            <Seconds>650</Seconds>
        </Distance>
    </Distances>
</Location>