<?xml version="1.0"?>
<Location>
    <Id>6</Id>
    <Name>McDonalds</Name>
    <Latitude>51.5369628</Latitude>
    <Longitude>5.0447307</Longitude>
    <Distances>
        <Distance>
            <Id>1</Id>
            <Km>4.728</Km>
            <Seconds>520</Seconds>
        </Distance>
        <Distance>
            <Id>2</Id>
            <Km>5.328</Km>
            <Seconds>560</Seconds>
        </Distance>
        <Distance>
            <Id>3</Id>
            <Km>3.692</Km>
            <Seconds>430</Seconds>
        </Distance>
        <Distance>
            <Id>4</Id>
            <Km>5.098</Km>
            <Seconds>470</Seconds>
        </Distance>
        <Distance>
            <Id>5</Id>
            <Km>3.18</Km>
            <Seconds>390</Seconds>
        </Distance>
        <Distance>
            <Id>6</Id>
            <Km>0</Km>
            <Seconds>0</Seconds>
        </Distance>
        <Distance>
            <Id>7</Id>
            <Km>3.578</Km>
            <Seconds>440</Seconds>
        </Distance>
        <Distance>
            <Id>8</Id>
            <Km>4.56</Km>
            <Seconds>570</Seconds>
        </Distance>
        <Distance>
            <Id>9</Id>
            <Km>4.908</Km>
            <Seconds>500</Seconds>
        </Distance>
        <Distance>
            <Id>10</Id>
            <Km>7.668</Km>
            <Seconds>780</Seconds>
        </Distance>
    </Distances>
</Location>