<?xml version="1.0"?>
<Location>
    <Id>2</Id>
    <Name>NS-Plein</Name>
    <Latitude>51.5636188</Latitude>
    <Longitude>5.0808761</Longitude>
    <Distances>
        <Distance>
            <Id>1</Id>
            <Km>1.982</Km>
            <Seconds>270</Seconds>
        </Distance>
        <Distance>
            <Id>2</Id>
            <Km>0</Km>
            <Seconds>0</Seconds>
        </Distance>
        <Distance>
            <Id>3</Id>
            <Km>1.828</Km>
            <Seconds>220</Seconds>
        </Distance>
        <Distance>
            <Id>4</Id>
            <Km>3.431</Km>
            <Seconds>370</Seconds>
        </Distance>
        <Distance>
            <Id>5</Id>
            <Km>5.212</Km>
            <Seconds>620</Seconds>
        </Distance>
        <Distance>
            <Id>6</Id>
            <Km>5.412</Km>
            <Seconds>560</Seconds>
        </Distance>
        <Distance>
            <Id>7</Id>
            <Km>6.445</Km>
            <Seconds>760</Seconds>
        </Distance>
        <Distance>
            <Id>8</Id>
            <Km>5.263</Km>
            <Seconds>650</Seconds>
        </Distance>
        <Distance>
            <Id>9</Id>
            <Km>2.136</Km>
            <Seconds>250</Seconds>
        </Distance>
        <Distance>
            <Id>10</Id>
            <Km>6.473</Km>
            <Seconds>700</Seconds>
        </Distance>
    </Distances>
</Location>