<?xml version="1.0"?>
<Location>
    <Id>9</Id>
    <Name>Piushaven</Name>
    <Latitude>51.5532231</Latitude>
    <Longitude>5.0969265</Longitude>
    <Distances>
        <Distance>
            <Id>1</Id>
            <Km>2.817</Km>
            <Seconds>360</Seconds>
        </Distance>
        <Distance>
            <Id>2</Id>
            <Km>2.59</Km>
            <Seconds>300</Seconds>
        </Distance>
        <Distance>
            <Id>3</Id>
            <Km>1.605</Km>
            <Seconds>190</Seconds>
        </Distance>
        <Distance>
            <Id>4</Id>
            <Km>2.647</Km>
            <Seconds>280</Seconds>
        </Distance>
        <Distance>
            <Id>5</Id>
            <Km>5.058</Km>
            <Seconds>610</Seconds>
        </Distance>
        <Distance>
            <Id>6</Id>
            <Km>5.258</Km>
            <Seconds>550</Seconds>
        </Distance>
        <Distance>
            <Id>7</Id>
            <Km>5.661</Km>
            <Seconds>670</Seconds>
        </Distance>
        <Distance>
            <Id>8</Id>
            <Km>4.479</Km>
            <Seconds>560</Seconds>
        </Distance>
        <Distance>
            <Id>9</Id>
            <Km>0</Km>
            <Seconds>0</Seconds>
        </Distance>
        <Distance>
            <Id>10</Id>
            <Km>6.672</Km>
            <Seconds>760</Seconds>
        </Distance>
    </Distances>
</Location>