<?xml version="1.0"?>
<Location>
    <Id>5</Id>
    <Name>Regge</Name>
    <Latitude>51.5455541</Latitude>
    <Longitude>5.0545476</Longitude>
    <Distances>
        <Distance>
            <Id>1</Id>
            <Km>4.494</Km>
            <Seconds>570</Seconds>
        </Distance>
        <Distance>
            <Id>2</Id>
            <Km>5.094</Km>
            <Seconds>610</Seconds>
        </Distance>
        <Distance>
            <Id>3</Id>
            <Km>3.511</Km>
            <Seconds>520</Seconds>
        </Distance>
        <Distance>
            <Id>4</Id>
            <Km>5.603</Km>
            <Seconds>570</Seconds>
        </Distance>
        <Distance>
            <Id>5</Id>
            <Km>0</Km>
            <Seconds>0</Seconds>
        </Distance>
        <Distance>
            <Id>6</Id>
            <Km>3.06</Km>
            <Seconds>370</Seconds>
        </Distance>
        <Distance>
            <Id>7</Id>
            <Km>5.862</Km>
            <Seconds>660</Seconds>
        </Distance>
        <Distance>
            <Id>8</Id>
            <Km>5.811</Km>
            <Seconds>710</Seconds>
        </Distance>
        <Distance>
            <Id>9</Id>
            <Km>5.413</Km>
            <Seconds>610</Seconds>
        </Distance>
        <Distance>
            <Id>10</Id>
            <Km>7.434</Km>
            <Seconds>830</Seconds>
        </Distance>
    </Distances>
</Location>