<?xml version="1.0"?>
<Location>
    <Id>10</Id>
    <Name>Vlashoflaan</Name>
    <Latitude>51.5850496</Latitude>
    <Longitude>5.0894806</Longitude>
    <Distances>
        <Distance>
            <Id>1</Id>
            <Km>4.806</Km>
            <Seconds>560</Seconds>
        </Distance>
        <Distance>
            <Id>2</Id>
            <Km>5.275</Km>
            <Seconds>690</Seconds>
        </Distance>
        <Distance>
            <Id>3</Id>
            <Km>6.461</Km>
            <Seconds>730</Seconds>
        </Distance>
        <Distance>
            <Id>4</Id>
            <Km>10.246</Km>
            <Seconds>780</Seconds>
        </Distance>
        <Distance>
            <Id>5</Id>
            <Km>7.496</Km>
            <Seconds>830</Seconds>
        </Distance>
        <Distance>
            <Id>6</Id>
            <Km>7.696</Km>
            <Seconds>770</Seconds>
        </Distance>
        <Distance>
            <Id>7</Id>
            <Km>10.498</Km>
            <Seconds>1060</Seconds>
        </Distance>
        <Distance>
            <Id>8</Id>
            <Km>10.447</Km>
            <Seconds>1110</Seconds>
        </Distance>
        <Distance>
            <Id>9</Id>
            <Km>6.578</Km>
            <Seconds>760</Seconds>
        </Distance>
        <Distance>
            <Id>10</Id>
            <Km>0</Km>
            <Seconds>0</Seconds>
        </Distance>
    </Distances>
</Location>