<?xml version="1.0"?>
<Location>
    <Id>1</Id>
    <Name>Wilhelminapark</Name>
    <Latitude>51.56553</Latitude>
    <Longitude>5.077733</Longitude>
    <Distances>
        <Distance>
            <Id>1</Id>
            <Km>0</Km>
            <Seconds>0</Seconds>
        </Distance>
        <Distance>
            <Id>2</Id>
            <Km>2.158</Km>
            <Seconds>290</Seconds>
        </Distance>
        <Distance>
            <Id>3</Id>
            <Km>2.138</Km>
            <Seconds>310</Seconds>
        </Distance>
        <Distance>
            <Id>4</Id>
            <Km>5.125</Km>
            <Seconds>600</Seconds>
        </Distance>
        <Distance>
            <Id>5</Id>
            <Km>4.524</Km>
            <Seconds>570</Seconds>
        </Distance>
        <Distance>
            <Id>6</Id>
            <Km>4.724</Km>
            <Seconds>510</Seconds>
        </Distance>
        <Distance>
            <Id>7</Id>
            <Km>7.526</Km>
            <Seconds>800</Seconds>
        </Distance>
        <Distance>
            <Id>8</Id>
            <Km>7.475</Km>
            <Seconds>850</Seconds>
        </Distance>
        <Distance>
            <Id>9</Id>
            <Km>3.83</Km>
            <Seconds>480</Seconds>
        </Distance>
        <Distance>
            <Id>10</Id>
            <Km>4.723</Km>
            <Seconds>550</Seconds>
        </Distance>
    </Distances>
</Location>